{"cameraMode":{"drawMode":0,"name":"Shaded","section":"Shading Mode"},"sceneLighting":false,"audioPlay":false,"sceneViewState":{"showFog":true,"showMaterialUpdate":false,"showSkybox":true,"showFlares":true,"showImageEffects":true,"showParticleSystems":true},"in2DMode":false,"pivot":{"x":-10.470745086669922,"y":-6.699425220489502,"z":-2.6103880405426027},"rotation":{"x":-0.18890103697776795,"y":0.7450826168060303,"z":-0.23687386512756349,"w":-0.5941876769065857},"size":13.619123458862305,"orthographic":false}